channelTitle,title,publishedAt,videoId,duration,viewCount,commentCount,likeCount,dislikeCount
LastWeekTonight,Letter of the Week -- POM Wonderful (Web Exclusive): Last Week Tonight with John Oliver (HBO),2014-05-05T02:24:30Z,Bml8KwCmob8,PT3M57S,5070453,1224,57089,509
LastWeekTonight,FIFA and the World Cup: Last Week Tonight with John Oliver (HBO),2014-06-09T06:30:01Z,DlJEt2KU33I,PT13M14S,18142245,6178,147733,3019
LastWeekTonight,"Tony Abbott, President of the USA of Australia: Last Week Tonight with John Oliver (HBO)",2014-06-02T11:01:11Z,c3IaKVmkXuk,PT3M59S,5162985,5080,42772,852
LastWeekTonight,Salmon Cannon: Last Week Tonight with John Oliver (HBO),2014-11-10T07:30:01Z,l9qA8c-E_oA,PT4M27S,5384705,3015,93519,682
LastWeekTonight,Fan Mail Vol. 1 (Web Exclusive): Last Week Tonight with John Oliver,2014-09-01T03:00:03Z,knbw0gJHHBk,PT4M11S,5079548,4845,43211,740
LastWeekTonight,Net Neutrality: Last Week Tonight with John Oliver (HBO),2014-06-02T06:30:01Z,fpbOEoRrHyU,PT13M18S,15104714,8549,180036,2684
LastWeekTonight,Pennies: Last Week Tonight with John Oliver (HBO),2015-11-23T07:30:00Z,_tyszHg96KI,PT9M36S,9111055,7499,87953,2276
LastWeekTonight,Sugar: Last Week Tonight with John Oliver (HBO),2014-10-27T06:30:00Z,MepXBJjsNxs,PT11M34S,17586401,7686,112840,3517
LastWeekTonight,Singapore&#39;s Gambling Problem: Last Week Tonight with John Oliver (HBO),2014-07-21T06:30:01Z,HKMNKS-9ugY,PT3M20S,5088259,1141,45551,997
LastWeekTonight,Daylight Saving Time - How Is This Still A Thing?: Last Week Tonight with John Oliver (HBO),2015-03-09T06:30:01Z,br0NW9ufUUw,PT3M17S,7599406,3719,65241,1631
LastWeekTonight,Edward Snowden on Passwords: Last Week Tonight with John Oliver (HBO),2015-04-09T15:21:18Z,yzGzB-yYKcc,PT2M58S,4711824,2458,61075,900
LastWeekTonight,Tom Wheeler Is Not A Dingo: Last Week Tonight with John Oliver (HBO),2014-06-16T06:30:00Z,hkjkQ-wCZ5A,PT3M7S,2624749,643,21404,218
LastWeekTonight,Net Neutrality Update: Last Week Tonight with John Oliver (Web Exclusive),2017-05-15T02:22:21Z,qI5y-_sqJT0,PT6M26S,4064679,2904,91032,1161
LastWeekTonight,Warren G. Harding&#39;s Love Letters: Last Week Tonight with John Oliver (HBO),2014-07-14T06:30:00Z,rrawNvcF64g,PT3M7S,1986888,654,16317,207
LastWeekTonight,The Lottery: Last Week Tonight with John Oliver (HBO),2014-11-10T07:30:01Z,9PK-netuhHA,PT14M36S,14057027,5295,93348,2505
LastWeekTonight,New York&#39;s Port Authority: Last Week Tonight with John Oliver (HBO),2014-08-04T06:30:00Z,44fCfJQV7yQ,PT2M52S,2751167,574,19428,252
LastWeekTonight,Other Countries&#39; Presidents - François Hollande: Last Week Tonight with John Oliver (HBO),2014-05-05T06:30:01Z,75bWsqwwOgQ,PT2M30S,2295711,822,14486,274
LastWeekTonight,Stephen Hawking Extended Interview: Last Week Tonight with John Oliver (HBO),2014-06-16T03:53:03Z,OPV3D7f3bHY,PT7M39S,4866609,2473,49602,706
LastWeekTonight,History Lies (Web Exclusive): Last Week Tonight with John Oliver (HBO),2015-08-31T02:54:29Z,ACwenVzN2oU,PT3M36S,5301885,2846,63541,1375
LastWeekTonight,Columbus Day - How Is This Still A Thing: Last Week Tonight with John Oliver (HBO),2014-10-13T13:00:14Z,eKEwL-10s7E,PT2M37S,5227100,3283,48593,1521
LastWeekTonight,Don&#39;t Visit Antarctica: Last Week Tonight with John Oliver (HBO),2014-07-09T13:54:23Z,dH573B1bkHI,PT2M52S,3114340,1329,35533,372
LastWeekTonight,Patents: Last Week Tonight with John Oliver (HBO),2015-04-20T06:30:00Z,3bxcc3SM_KA,PT11M4S,8246036,2955,74708,1520
LastWeekTonight,Season 6 Official Trailer: Last Week Tonight with John Oliver (HBO),2019-01-18T19:00:01Z,CdDBi0DheMw,PT2M6S,2224868,4387,79281,731
LastWeekTonight,Dr. Jane Goodall Interview: Last Week Tonight with John Oliver (HBO),2014-10-27T06:30:00Z,izUzqUrhbh0,PT5M59S,2189850,878,25122,350
LastWeekTonight,Harding: Last Week Tonight with John Oliver (HBO),2017-07-03T06:30:00Z,5cBV8KFFasY,PT8M54S,5218197,3541,99931,1692
LastWeekTonight,Voting On Tuesday - How Is This Still A Thing?: Last Week Tonight with John Oliver (HBO),2016-11-05T15:00:03Z,e0bMfS-_pjM,PT3M53S,2725492,3626,49159,1210
LastWeekTonight,Miss America Pageant: Last Week Tonight with John Oliver (HBO),2014-09-22T06:30:01Z,oDPCmmZifE8,PT15M25S,21983666,9861,165672,5490
LastWeekTonight,#WeGotThoseGeckos: Last Week Tonight with John Oliver (Web Exclusive),2014-08-04T00:32:08Z,iFaRkscKn_Y,PT3M37S,1705991,383,17483,159
LastWeekTonight,U.S. Territories: Last Week Tonight with John Oliver (HBO),2015-03-09T06:30:00Z,CesHr99ezWE,PT13M12S,9833920,7780,101856,2301
LastWeekTonight,"Goodbye, RadioShack: Last Week Tonight with John Oliver (HBO)",2015-02-09T07:30:00Z,3FCioWz7aps,PT3M11S,2676836,1200,32135,358
LastWeekTonight,Native Advertising: Last Week Tonight with John Oliver (HBO),2014-08-04T06:30:01Z,E_F5GxCwizc,PT11M23S,11807984,3253,85140,1837
LastWeekTonight,Fashion: Last Week Tonight with John Oliver (HBO),2015-04-27T06:30:00Z,VdLf4fihP78,PT17M10S,14664065,7293,116202,2852
LastWeekTonight,FIFA II: Last Week Tonight with John Oliver (HBO),2015-06-01T12:46:49Z,qr6ar3xJL_Q,PT13M13S,9571513,4454,100474,1748
LastWeekTonight,Mental Health: Last Week Tonight with John Oliver (HBO),2015-10-05T06:30:01Z,NGY6DqB1HX8,PT11M55S,10899855,7881,116827,2977
LastWeekTonight,Fifty Shades #NotMyChristian Apology (Web Exclusive): Last Week Tonight with John Oliver (HBO),2015-01-26T03:57:17Z,fPloDzu_wcI,PT4M6S,4951812,996,43091,1028
LastWeekTonight,Lost Graphics Vol. 2 (Web Exclusive): Last Week Tonight with John Oliver (HBO),2016-01-25T04:00:01Z,DgOgdGpWqzQ,PT3M14S,3629738,1001,35549,1136
LastWeekTonight,Right To Be Forgotten: Last Week Tonight with John Oliver (HBO),2014-05-19T07:30:01Z,r-ERajkMXw0,PT7M,7177973,1686,49463,925
LastWeekTonight,Roger Goodell (Extended Web Exclusive): Last Week Tonight with John Oliver (HBO),2014-09-22T06:30:01Z,xM8qVuc32Rc,PT2M48S,2228782,443,13285,178
LastWeekTonight,Dr. Oz and Nutritional Supplements: Last Week Tonight with John Oliver (HBO),2014-06-23T06:30:00Z,WA0wKeokWUU,PT16M26S,16817985,7022,123228,3777
LastWeekTonight,Regifting (Web Exclusive): Last Week Tonight with John Oliver (HBO),2015-12-14T04:00:00Z,GjatG8QFoOk,PT3M48S,4308311,1455,52011,1062
LastWeekTonight,Red-Tailed Hawks: Last Week Tonight with John Oliver (HBO),2015-04-02T14:48:36Z,uiN_-AEhTpk,PT4M52S,2045561,1976,29690,326
LastWeekTonight,Shallow Dives (Web Exclusive): Last Week Tonight with John Oliver (HBO),2015-07-06T02:57:07Z,Pk2oW4SDDxY,PT2M57S,5340121,1682,59328,1368
LastWeekTonight,Washington DC Statehood: Last Week Tonight with John Oliver (HBO),2015-08-03T06:30:01Z,4Z4j2CrJRn4,PT17M3S,9059566,9232,98506,2782
LastWeekTonight,Scottish Independence: Last Week Tonight with John Oliver (HBO),2014-09-15T06:30:01Z,-YkLPxQp_y0,PT15M19S,16301686,10581,116926,4383
LastWeekTonight,Elected Judges: Last Week Tonight with John Oliver (HBO),2015-02-23T14:25:31Z,poL7l-Uk3I8,PT13M27S,8398926,3431,59732,1626
LastWeekTonight,Special Districts: Last Week Tonight with John Oliver (HBO),2016-03-07T07:30:00Z,3saU5racsGE,PT15M20S,7663099,4661,81233,2220
LastWeekTonight,Translators: Last Week Tonight with John Oliver (HBO),2014-10-20T06:30:02Z,QplQL5eAxlY,PT16M7S,10504236,5811,107635,1532
LastWeekTonight,Hobby Lobby: Last Week Tonight with John Oliver (HBO),2014-06-30T21:24:11Z,zSQCH1qyIDo,PT6M10S,6792655,3160,45319,1883
LastWeekTonight,Season 2 Promo: Last Week Tonight with John Oliver (HBO),2015-01-09T19:13:14Z,P1EtSBxm0S4,PT1M36S,1318266,909,25220,111
LastWeekTonight,Workplace of the Week - The NFL: Last Week Tonight with John Oliver (HBO),2014-04-28T04:26:59Z,mxyKJisUgJo,PT1M49S,1757784,574,8545,140
LastWeekTonight,"1,000,000 YouTube Subscribers (Web Exclusive): Last Week Tonight with John Oliver",2014-11-03T01:53:28Z,XXCbffp7jLM,PT2M3S,2131038,1209,28717,199
LastWeekTonight,Psychics: Last Week Tonight with John Oliver (HBO),2019-02-25T08:00:02Z,WhMGcp9xIhY,PT21M7S,11131393,17062,163131,5016
LastWeekTonight,Death Penalty: Last Week Tonight with John Oliver (HBO),2014-05-05T06:30:02Z,Kye2oX-b39E,PT12M24S,12629811,8864,103823,2751
LastWeekTonight,Torture: Last Week Tonight with John Oliver (HBO),2015-06-15T06:30:00Z,zmeF2rzsZSU,PT15M13S,10755787,6659,97196,2401
LastWeekTonight,Chiijohn: Last Week Tonight with John Oliver (HBO),2019-11-25T04:00:04Z,xa0oY7LQmtg,PT7M27S,3837364,4966,117196,3089
LastWeekTonight,Mandatory Minimums: Last Week Tonight with John Oliver (HBO),2015-07-27T06:30:00Z,pDVmldTurqk,PT15M25S,7517018,4440,73620,1830
LastWeekTonight,Lost Graphics Vol. 3 (Web Exclusive): Last Week Tonight with John Oliver (HBO),2018-07-16T03:00:01Z,dFnN2toxFaY,PT3M3S,2723880,1437,47918,1055
LastWeekTonight,Nuclear Weapons: Last Week Tonight with John Oliver (HBO),2014-07-28T06:30:01Z,1Y1ya-yF35g,PT15M22S,19404524,10567,137860,4204
LastWeekTonight,USPS: Last Week Tonight with John Oliver (HBO),2020-05-11T06:30:02Z,IoL8g0W9gAQ,PT18M15S,7034668,17467,189141,4551
LastWeekTonight,Marijuana: Last Week Tonight with John Oliver (HBO),2017-04-03T06:30:00Z,BcR_Wg42dv8,PT16M52S,12155516,12704,161940,7878
LastWeekTonight,"Ferguson, MO and Police Militarization: Last Week Tonight with John Oliver (HBO)",2014-08-18T06:30:01Z,KUdHIatS36A,PT15M10S,12449768,9704,105069,4684
LastWeekTonight,State Legislatures and ALEC: Last Week Tonight with John Oliver (HBO),2014-11-03T07:30:00Z,aIMgfBZrrZ8,PT17M18S,9723798,4220,53976,1720
LastWeekTonight,John Oliver Literally Destroys Piñatas (Web Exclusive): Last Week Tonight with John Oliver,2014-08-25T02:30:00Z,fYWtbMb8Fhw,PT2M52S,2747273,572,17061,271
LastWeekTonight,Fan Mail Vol. 2 (Web Exclusive): Last Week Tonight with John Oliver (HBO),2016-07-11T03:00:00Z,cQtYlkwR8lM,PT4M7S,5444091,5061,67204,2349
LastWeekTonight,Net Neutrality II: Last Week Tonight with John Oliver (HBO),2017-05-08T06:30:00Z,92vuuZt7wak,PT19M33S,8229985,12526,209973,4191
LastWeekTonight,SLAPP Suits: Last Week Tonight with John Oliver (HBO),2019-11-11T07:30:01Z,UN8bJb8biZU,PT26M25S,10404875,29035,335843,3744
LastWeekTonight,Rudy Giuliani: Last Week Tonight with John Oliver (HBO),2018-05-07T06:30:00Z,mXQuto1fMp4,PT15M37S,9219093,5583,108808,4584
LastWeekTonight,Civil Forfeiture: Last Week Tonight with John Oliver (HBO),2014-10-06T06:30:02Z,3kEpZWGgJks,PT16M30S,14121174,11016,110550,2625
LastWeekTonight,Cookie Monster&#39;s Ideas (Web Exclusive): Last Week Tonight With John Oliver,2014-09-02T15:21:40Z,InSJBzZr414,PT2M4S,1518465,471,14520,253
LastWeekTonight,#GoodbyeGeckos: Last Week Tonight with John Oliver (HBO),2014-09-08T06:30:02Z,HNPRad65-Kg,PT6M5S,1397140,913,18497,237
LastWeekTonight,Astroturfing: Last Week Tonight with John Oliver (HBO),2018-08-13T06:30:00Z,Fmh4RdIwswE,PT18M34S,8094166,6777,105451,3946
LastWeekTonight,Drones: Last Week Tonight with John Oliver (HBO),2014-09-29T06:30:01Z,K4NRJoCNHIs,PT12M57S,13502519,6885,90159,3186
LastWeekTonight,Bail: Last Week Tonight with John Oliver (HBO),2015-06-08T06:30:01Z,IS5mwymTIJU,PT17M50S,9699192,5720,86969,2149
LastWeekTonight,Predatory Lending: Last Week Tonight with John Oliver (HBO),2014-08-11T06:30:01Z,PDylgzybWAw,PT16M32S,12861349,5254,80622,2523
LastWeekTonight,Public Defenders: Last Week Tonight with John Oliver (HBO),2015-09-14T06:30:31Z,USkEzLuzmZ4,PT15M,9481965,5736,74673,1981
LastWeekTonight,Televangelists: Last Week Tonight with John Oliver (HBO),2015-08-17T06:30:01Z,7y1xJAVZxXg,PT20M6S,31934581,40706,318140,11797
LastWeekTonight,Encryption: Last Week Tonight with John Oliver (HBO),2016-03-14T06:30:00Z,zsjZ2r9Ygzw,PT18M1S,12290966,8346,139046,3319
LastWeekTonight,Lead: Last Week Tonight with John Oliver (HBO),2016-04-18T06:30:06Z,GUizvEjR-0U,PT18M33S,9889136,7913,114397,2618
LastWeekTonight,Debt Buyers: Last Week Tonight with John Oliver (HBO),2016-06-06T06:30:00Z,hxUAntt1z2c,PT20M51S,16074283,14424,180170,4586
LastWeekTonight,Paid Family Leave: Last Week Tonight with John Oliver (HBO),2015-05-11T06:30:01Z,zIhKAQX5izw,PT12M21S,8532856,9474,76556,2381
LastWeekTonight,Student Debt: Last Week Tonight with John Oliver (HBO),2014-09-08T06:30:01Z,P8pjd1QEA0c,PT16M17S,12801244,7640,96902,2400
LastWeekTonight,Stephen Hawking Interview: Last Week Tonight with John Oliver (HBO),2014-06-16T03:52:18Z,T8y5EXFMD4s,PT6M6S,11573462,9748,156110,2665
LastWeekTonight,Season 4 Official Trailer: Last Week Tonight with John Oliver (HBO),2017-01-18T16:58:01Z,ekoETowzmAo,PT1M25S,5723099,4754,75769,3462
LastWeekTonight,Last Week&#39;s News...We Think (Web Exclusive): Last Week Tonight with John Oliver (HBO),2014-05-26T02:30:01Z,w2jtOFfiF80,PT4M22S,2411717,365,17909,341
LastWeekTonight,Credit Reports: Last Week Tonight with John Oliver (HBO),2016-04-11T06:30:04Z,aRrDsbUdY_k,PT18M46S,10789523,6029,94330,2930
LastWeekTonight,Chickens: Last Week Tonight with John Oliver (HBO),2015-05-18T06:30:01Z,X9wHzt6gBgI,PT18M22S,12054658,8264,109766,2955
LastWeekTonight,Opioids II: Last Week Tonight with John Oliver (HBO),2019-04-15T06:30:02Z,-qCKR6wy94U,PT21M21S,7603084,8992,134087,2813
LastWeekTonight,SantaCon: Last Week Tonight with John Oliver (Web Exclusive),2019-12-08T16:00:13Z,_TfCgeYHiBE,PT5M58S,4277086,3629,83575,2006
LastWeekTonight,Climate Change Debate: Last Week Tonight with John Oliver (HBO),2014-05-12T03:30:01Z,cjuGCJJUGsg,PT4M27S,8452323,9898,82215,3373
LastWeekTonight,The NCAA: Last Week Tonight with John Oliver (HBO),2015-03-16T06:30:01Z,pX8BXH3SJn0,PT20M54S,13165547,7912,106188,3041
LastWeekTonight,Standardized Testing: Last Week Tonight with John Oliver (HBO),2015-05-04T06:30:00Z,J6lyURyVz7k,PT18M2S,14846845,13420,125242,3129
LastWeekTonight,Prison Labor: Last Week Tonight with John Oliver (HBO),2019-08-05T06:30:00Z,AjqaNQ018zU,PT18M9S,5322161,12941,117679,3528
LastWeekTonight,April Fools&#39; Day (Web Exclusive): Last Week Tonight with John Oliver (HBO),2015-03-30T02:30:01Z,kXYXuXX48m8,PT4M28S,4375921,1453,42755,1049
LastWeekTonight,China &amp; Uighurs: Last Week Tonight with John Oliver (HBO),2020-07-27T06:30:00Z,17oCQakzIl8,PT20M52S,5879645,33863,206957,8224
LastWeekTonight,Campaign Songs: Last Week Tonight with John Oliver (HBO),2016-07-25T06:30:00Z,32n4h0kn-88,PT7M26S,5292384,4887,74140,2310
LastWeekTonight,Weather: Last Week Tonight with John Oliver (HBO),2019-10-14T06:30:00Z,qMGn9T37eR8,PT16M27S,6051144,6198,114356,2688
LastWeekTonight,Mobile Homes: Last Week Tonight with John Oliver (HBO),2019-04-08T06:30:00Z,jCC8fPQOaxU,PT15M39S,8195080,13960,138977,4425
LastWeekTonight,Coronavirus: Conspiracy Theories: Last Week Tonight with John Oliver (HBO),2020-07-20T06:30:00Z,0b_eHBZLM6U,PT22M19S,6079936,27550,193621,7046
LastWeekTonight,Tobacco: Last Week Tonight with John Oliver (HBO),2015-02-16T07:30:00Z,6UsHHOCH4q8,PT18M11S,19473357,13736,192139,5833
LastWeekTonight,911: Last Week Tonight with John Oliver (HBO),2016-05-16T06:30:02Z,A-XlyB_QQYs,PT15M57S,10578386,7280,106309,3204
LastWeekTonight,Retirement Plans: Last Week Tonight with John Oliver (HBO),2016-06-13T06:30:00Z,gvZSpET11ZY,PT21M30S,15382382,6798,137504,3973
LastWeekTonight,Stadiums: Last Week Tonight with John Oliver (HBO),2015-07-13T06:30:01Z,xcwJt4bcnXs,PT19M8S,13061341,9528,114240,2946
LastWeekTonight,Prison: Last Week Tonight with John Oliver (HBO),2014-07-21T06:30:01Z,_Pz3syET3DY,PT17M43S,10263339,6288,95567,2190
LastWeekTonight,Wealth Gap: Last Week Tonight with John Oliver (HBO),2014-07-14T06:30:01Z,LfgSEwjAeno,PT14M10S,16687198,8689,101955,4830
LastWeekTonight,The Wax and the Furious: Last Week Tonight with John Oliver (HBO),2018-11-20T15:00:06Z,TB_wx0dAPU0,PT7M38S,2669852,2739,62479,2463
LastWeekTonight,Corporate Consolidation: Last Week Tonight with John Oliver (HBO),2017-09-25T06:30:00Z,00wQYmvfhn4,PT15M10S,9781008,7002,121429,3467
LastWeekTonight,Fireworks (Web Exclusive): Last Week Tonight with John Oliver (HBO),2014-07-07T02:30:00Z,6clJRsPyuhc,PT3M21S,3632083,662,22407,498
LastWeekTonight,The Census: Last Week Tonight with John Oliver (HBO),2019-11-18T07:30:00Z,1aheRpmurAo,PT17M38S,5519592,7600,98190,3216
LastWeekTonight,Coal: Last Week Tonight with John Oliver (HBO),2017-06-19T06:30:00Z,aw6RsUhw1Q8,PT24M21S,14672649,12381,196498,8643
LastWeekTonight,Daily Fantasy Sports: Last Week Tonight with John Oliver (HBO),2015-11-16T07:30:01Z,Mq785nJ0FXQ,PT19M3S,9648845,5214,75928,2227
LastWeekTonight,Rehab: Last Week Tonight with John Oliver (HBO),2018-05-21T06:30:00Z,hWQiXv0sn9Y,PT19M7S,8296409,7864,108345,2930
LastWeekTonight,Olympics Opening Ceremony: Last Week Tonight with John Oliver (HBO),2016-08-08T23:41:11Z,7-LPcVo7gC0,PT8M50S,6528311,2820,71595,2493
LastWeekTonight,Opioids: Last Week Tonight with John Oliver (HBO),2016-10-24T06:30:00Z,5pdPrQFjo2o,PT19M23S,13892243,12591,119696,5633
LastWeekTonight,Filibuster: Last Week Tonight with John Oliver,2019-09-09T06:30:01Z,3y1QA6OeAcQ,PT19M7S,5600089,7840,104181,3458
LastWeekTonight,Gerrymandering: Last Week Tonight with John Oliver (HBO),2017-04-10T06:30:00Z,A-4dIImaodQ,PT19M34S,9795334,9126,116814,4737
LastWeekTonight,Sheriffs: Last Week Tonight with John Oliver (HBO),2020-03-09T06:30:01Z,v_kak7kAdNw,PT16M33S,7496952,9843,131881,6507
LastWeekTonight,Marketing to Doctors: Last Week Tonight with John Oliver (HBO),2015-02-09T07:30:01Z,YQZ2UeOTO3I,PT17M13S,11756249,5326,89446,1906
LastWeekTonight,Dalai Lama: Last Week Tonight with John Oliver (HBO),2017-03-06T07:30:01Z,bLY45o6rHm0,PT18M52S,13134049,20302,219507,10898
LastWeekTonight,Coronavirus III: Last Week Tonight with John Oliver (HBO),2020-03-30T06:30:02Z,ElIf2DBrWzU,PT19M29S,10077739,40588,297927,10084
LastWeekTonight,WWE: Last Week Tonight with John Oliver (HBO),2019-04-01T06:30:01Z,m8UQ4O7UiDs,PT23M7S,10388204,18212,198503,7268
LastWeekTonight,Coronavirus IX: Evictions: Last Week Tonight with John Oliver (HBO),2020-06-29T06:30:01Z,R652nwUcJRA,PT18M59S,6501795,23637,134005,5768
LastWeekTonight,Infrastructure: Last Week Tonight with John Oliver (HBO),2015-03-02T12:24:57Z,Wpzvaqypav8,PT21M14S,13120966,8157,106770,2545
LastWeekTonight,Home Depot Commercial: Last Week Tonight with John Oliver (HBO),2014-11-03T07:30:00Z,boI4D1FlIVs,PT5M29S,7394450,3363,53098,1441
LastWeekTonight,Stupid Watergate: Last Week Tonight with John Oliver (HBO),2017-05-22T06:30:00Z,FVFdsl29s_Q,PT24M6S,14607366,10459,156504,7384
LastWeekTonight,Revised Resolutions (Web Exclusive): Last Week Tonight with John Oliver (HBO),2016-01-04T04:00:00Z,pxM3tvHowaM,PT3M25S,3088584,1523,34968,1134
LastWeekTonight,Scientific Studies: Last Week Tonight with John Oliver (HBO),2016-05-09T06:30:00Z,0Rnq1NpHdmw,PT19M28S,16860669,12634,160374,5138
LastWeekTonight,Nintendo Gay Marriage: Last Week Tonight with John Oliver (HBO),2014-05-19T06:30:01Z,XV5w8OFrm6U,PT3M7S,3209529,2441,33748,1636
LastWeekTonight,Medicaid Gap: Last Week Tonight with John Oliver (HBO),2015-11-02T07:30:00Z,5d3nASKtGas,PT14M5S,4886481,4396,48944,1426
LastWeekTonight,Primaries and Caucuses: Last Week Tonight with John Oliver (HBO),2016-05-23T06:30:01Z,_S2G8jhhUHg,PT14M28S,6827957,12028,79108,3672
LastWeekTonight,Stupid Watergate II: Last Week Tonight with John Oliver (HBO),2018-06-11T06:30:00Z,mOVPStnVgvU,PT17M50S,7064093,8421,97784,4239
LastWeekTonight,Equifax: Last Week Tonight with John Oliver (HBO),2017-10-16T06:30:00Z,mPjgRKW_Jmk,PT15M22S,6632718,5992,95869,3449
LastWeekTonight,Food Waste: Last Week Tonight with John Oliver (HBO),2015-07-20T06:30:01Z,i8xwLWb0lLY,PT17M50S,13506745,9238,132137,3150
LastWeekTonight,Facial Recognition: Last Week Tonight with John Oliver (HBO),2020-06-15T07:00:16Z,jZjmlJPJgug,PT21M11S,7329276,15108,172948,6067
LastWeekTonight,OAN: Last Week Tonight with John Oliver (HBO),2020-04-06T06:30:02Z,UnSILVWDKL8,PT18M6S,8802789,32047,241804,11286
LastWeekTonight,Trump University: Last Week Tonight with John Oliver (HBO),2016-11-29T19:40:38Z,cBUeipXFisQ,PT12M38S,8338476,7047,93531,6139
LastWeekTonight,Medicare for All: Last Week Tonight with John Oliver (HBO),2020-02-17T07:30:00Z,7Z2XRg3dy9k,PT19M54S,9120482,43459,220225,9916
LastWeekTonight,Guardianship: Last Week Tonight with John Oliver (HBO),2018-06-04T06:30:00Z,nG2pEffLEJo,PT16M2S,5359526,5479,90129,1973
LastWeekTonight,Municipal Violations: Last Week Tonight with John Oliver (HBO),2015-03-23T06:30:01Z,0UjpmT5noto,PT17M55S,9945108,9132,82049,2594
LastWeekTonight,Government Surveillance: Last Week Tonight with John Oliver (HBO),2015-04-06T06:30:01Z,XEVlyP4_11M,PT33M14S,24980220,15683,248282,6500
LastWeekTonight,Prosecutors: Last Week Tonight with John Oliver (HBO),2018-08-06T06:30:00Z,ET_b78GSBUs,PT19M44S,6555174,6671,88110,2701
LastWeekTonight,Congressional Fundraising: Last Week Tonight with John Oliver (HBO),2016-04-04T06:30:00Z,Ylomy1Aw9Hk,PT21M25S,8492411,4535,74528,2164
LastWeekTonight,Coronavirus V: Last Week Tonight with John Oliver (HBO),2020-04-20T06:30:04Z,dRFbwjwQ4VE,PT20M58S,8549871,31713,237790,6224
LastWeekTonight,Forensic Science: Last Week Tonight with John Oliver (HBO),2017-10-02T06:30:00Z,ScmJvmzDcG0,PT18M51S,8269742,5612,112632,3162
LastWeekTonight,One Child Policy: Last Week Tonight with John Oliver (HBO),2019-10-07T06:30:00Z,SE_ccFHjL_w,PT23M5S,6587770,14008,119006,5545
LastWeekTonight,Prisoner Re-entry: Last Week Tonight with John Oliver (HBO),2015-11-09T07:30:01Z,gJtYRxH5G2k,PT18M45S,8001299,5291,75717,1951
LastWeekTonight,Gurbanguly Berdimuhamedov: Last Week Tonight with John Oliver (HBO),2019-08-12T06:30:00Z,-9QYu8LtH2E,PT20M41S,8838377,13701,215151,5245
LastWeekTonight,The Washington Redskins: Last Week Tonight with John Oliver (HBO),2014-06-16T06:30:01Z,AJKfs4ZnbNE,PT4M9S,4341518,2955,24860,1464
LastWeekTonight,Coronavirus VIII: Prisons &amp; Jails: Last Week Tonight with John Oliver (HBO),2020-06-22T06:30:01Z,MuxnH0VAkAM,PT18M33S,4864650,13385,127450,5323
LastWeekTonight,Voting by Mail: Last Week Tonight with John Oliver (HBO),2020-06-01T06:45:00Z,l-nEHkgm_Gk,PT19M12S,6868466,19552,155066,6693
LastWeekTonight,Auto Lending: Last Week Tonight with John Oliver (HBO),2016-08-15T06:30:01Z,4U2eDJnwz_s,PT17M56S,12207319,10983,105787,3931
LastWeekTonight,Guantánamo: Last Week Tonight with John Oliver (HBO),2016-10-10T06:30:00Z,KEbFtMgGhPY,PT20M41S,9097229,7262,103961,4112
LastWeekTonight,Dialysis: Last Week Tonight with John Oliver (HBO),2017-05-15T06:30:01Z,yw_nqzVfxFQ,PT24M10S,9755302,7444,111245,3778
LastWeekTonight,Drain the Swamp: Last Week Tonight with John Oliver (HBO),2018-11-12T07:30:01Z,5HS2TstPfW4,PT16M37S,7051176,8677,95283,4191
LastWeekTonight,Thailand feat. Rip Taylor,2019-10-09T21:50:40Z,1Nqa4XKkXp4,PT6M24S,2905143,4361,69990,1690
LastWeekTonight,Everest: Last Week Tonight with John Oliver (HBO),2019-06-24T06:30:00Z,Bchx0mS7XOY,PT22M3S,8008197,10245,142819,5847
LastWeekTonight,Federal Budget: Last Week Tonight with John Oliver (HBO),2017-03-20T06:30:00Z,ySTQk6updjQ,PT12M5S,9774105,8222,100255,5837
LastWeekTonight,Joe Arpaio: Last Week Tonight with John Oliver (HBO),2017-09-11T07:30:00Z,1ZNZY-gd3K0,PT14M18S,7752973,8563,98422,5785
LastWeekTonight,Coronavirus II: Last Week Tonight with John Oliver (HBO),2020-03-16T06:30:02Z,_066dEkycr4,PT22M11S,11887039,38706,355289,9707
LastWeekTonight,New Year&#39;s Eve (Web Exclusive): Last Week Tonight with John Oliver (HBO),2014-12-29T14:50:13Z,eAFnby2184o,PT3M45S,5419261,1290,29267,1300
LastWeekTonight,Corporate Taxes: Last Week Tonight with John Oliver (HBO),2018-04-16T06:30:00Z,RKjk0ECXjiQ,PT16M3S,6858421,7105,88582,3252
LastWeekTonight,Nuclear Waste: Last Week Tonight with John Oliver (HBO),2017-08-21T06:30:00Z,ZwY2E0hjGuU,PT18M17S,10140140,10605,119364,6116
LastWeekTonight,Robocalls: Last Week Tonight with John Oliver (HBO),2019-03-11T06:30:00Z,FO0iG_P0P6M,PT17M46S,9000155,13598,168127,3970
LastWeekTonight,Border Wall: Last Week Tonight with John Oliver (HBO),2016-03-21T06:30:00Z,vU8dCYocuyI,PT18M33S,21539646,25295,221112,12723
LastWeekTonight,State Attorneys General: Last Week Tonight with John Oliver (HBO),2018-10-29T06:30:00Z,UpdMYOtAmKY,PT19M7S,5487150,6420,80605,3381
LastWeekTonight,Doping: Last Week Tonight with John Oliver (HBO),2016-06-27T06:30:00Z,BgyqAD5Z6_A,PT20M33S,11968398,5836,95473,4354
LastWeekTonight,Gene Editing: Last Week Tonight with John Oliver (HBO),2018-07-02T06:30:00Z,AJm8PeWkiEU,PT19M39S,8945949,12267,107940,4492
LastWeekTonight,Coronavirus VI: Testing: Last Week Tonight with John Oliver (HBO),2020-05-04T06:45:00Z,7rl4c-jr7g0,PT23M14S,7929161,22392,162301,5678
LastWeekTonight,Labor Day: Last Week Tonight with John Oliver (Web Exclusive),2016-09-05T03:00:00Z,apumpVGBpP8,PT2M35S,3749724,1728,39393,1526
LastWeekTonight,Floods: Last Week Tonight with John Oliver (HBO),2017-10-30T06:30:01Z,pf1t7cs9dkc,PT19M29S,8726915,5500,101420,4093
LastWeekTonight,Coronavirus IV: Last Week Tonight with John Oliver (HBO),2020-04-13T06:45:02Z,6s4Bx7mzNkM,PT20M38S,8337817,29195,196619,6975
LastWeekTonight,Simon Ostrovsky Interview (Web Exclusive): Last Week Tonight with John Oliver (HBO),2014-05-05T03:18:34Z,W6JhcjbWEwg,PT6M42S,652361,253,6458,139
LastWeekTonight,Coronavirus VII: Sports: Last Week Tonight with John Oliver (HBO),2020-05-18T06:30:08Z,z4gBMw64aqk,PT21M46S,7007763,19312,168504,5877
LastWeekTonight,Facebook: Last Week Tonight with John Oliver (HBO),2018-09-24T06:30:00Z,OjPYmEZxACM,PT19M41S,6439699,11002,118041,6606
LastWeekTonight,Trade: Last Week Tonight with John Oliver (HBO),2018-08-20T06:30:00Z,etkd57lPfPU,PT21M14S,12435850,12605,141366,6082
LastWeekTonight,Retractions: Last Week Tonight with John Oliver (Web Exclusive),2018-08-27T03:00:00Z,2nXYbGmF3_Q,PT4M1S,4204484,2448,69506,2945
LastWeekTonight,Season 3: Promo: Last Week Tonight with John Oliver (HBO),2016-01-15T18:00:02Z,f0X-8tSgiuA,PT1M1S,2080852,1837,35642,301
LastWeekTonight,Trump &amp; Syria: Last Week Tonight with John Oliver (HBO),2019-10-28T06:30:00Z,2u_pZ-SgACk,PT19M43S,7163427,15965,137241,6304
LastWeekTonight,North Dakota: Last Week Tonight with John Oliver (HBO),2015-10-12T06:30:01Z,jYusNNldesc,PT19M34S,13688175,6016,87345,3718
LastWeekTonight,Pumpkin Spice (Web Exclusive): Last Week Tonight with John Oliver (HBO),2014-10-13T02:30:01Z,DeQqe0oj5Ls,PT3M12S,6603644,1713,30583,1980
LastWeekTonight,Cryptocurrencies: Last Week Tonight with John Oliver (HBO),2018-03-12T06:30:00Z,g6iDZspbRMg,PT25M21S,12015261,14803,155887,6826
LastWeekTonight,Climate Change (Abbreviated): Last Week Tonight with John Oliver (HBO),2014-05-12T01:19:03Z,UkBvsCMxrNU,PT1M44S,692112,331,4767,88
LastWeekTonight,Endorsements (Web Exclusive): Last Week Tonight with John Oliver (HBO),2016-07-18T03:00:30Z,voxfqkrO5ww,PT2M57S,3688217,1972,40295,1916
LastWeekTonight,Warehouses: Last Week Tonight with John Oliver (HBO),2019-07-01T14:02:02Z,d9m7d07k22A,PT21M18S,8923147,20305,152794,5955
LastWeekTonight,Boris Johnson: Last Week Tonight with John Oliver (HBO),2019-07-29T06:30:02Z,dXyO_MC9g3k,PT22M3S,8579679,14229,150965,7530
LastWeekTonight,Canadian Election: Last Week Tonight with John Oliver (HBO),2015-10-19T06:30:00Z,0V5ckcTSYu8,PT15M21S,13461003,15388,114071,8247
LastWeekTonight,Family Separation: Last Week Tonight with John Oliver (HBO),2018-11-05T07:30:00Z,ygVX1z6tDGI,PT18M20S,4809173,19247,123655,4541
LastWeekTonight,Birds: Last Week Tonight with John Oliver (Web Exclusive),2016-09-12T03:00:00Z,8l2Y6Z-maAU,PT3M14S,4276729,3907,70516,5585
LastWeekTonight,Charter Schools: Last Week Tonight with John Oliver (HBO),2016-08-22T06:30:01Z,l_htSPGAY7I,PT18M13S,12522947,10524,106009,6336
LastWeekTonight,Coronavirus: Last Week Tonight with John Oliver (HBO),2020-03-02T07:30:02Z,c09m5f7Gnic,PT20M10S,15038835,26318,301280,12027
LastWeekTonight,Mike Pence: Last Week Tonight with John Oliver (HBO),2018-03-19T06:30:00Z,rs2RlZQVXBU,PT20M27S,17981960,22439,221682,16131
LastWeekTonight,Voting Machines: Last Week Tonight with John Oliver (HBO),2019-11-04T07:30:01Z,svEuG_ekNT0,PT19M22S,4919321,9320,88075,2589
LastWeekTonight,International Women&#39;s Day: Last Week Tonight with John Oliver (HBO),2016-03-15T20:50:37Z,dNV7COWz8ME,PT3M49S,2940337,4605,47691,3040
LastWeekTonight,Push Notifications: Last Week Tonight with John Oliver (Web Exclusive),2020-01-20T04:00:04Z,kxatzHnl7Q8,PT5M5S,4824619,3748,95041,5379
LastWeekTonight,Puerto Rico: Last Week Tonight with John Oliver (HBO),2016-04-25T06:30:01Z,Tt-mpuR_QHQ,PT21M22S,11937961,10751,154734,4500
LastWeekTonight,"iTunes, Assad, and Right Said Fred: Last Week Tonight with John Oliver (HBO)",2014-06-09T06:30:01Z,3lKYPp2Kp6s,PT3M34S,1417020,1062,12547,560
LastWeekTonight,Economic Development: Last Week Tonight with John Oliver (HBO),2017-11-06T07:30:00Z,8bl19RoR7lc,PT14M56S,8760857,6363,95627,4356
LastWeekTonight,Lethal Injections: Last Week Tonight with John Oliver (HBO),2019-05-06T06:30:00Z,0lTczPEG8iI,PT19M22S,5961593,18676,130117,4825
LastWeekTonight,Police Accountability: Last Week Tonight with John Oliver (HBO),2016-10-03T06:30:00Z,zaD84DTGULo,PT19M55S,14790030,16665,180003,8707
LastWeekTonight,India Election Update: Last Week Tonight with John Oliver (HBO),2014-05-19T00:53:47Z,8YQ_HGvrHEU,PT1M12S,2173892,1177,18066,708
LastWeekTonight,General Keith Alexander Extended Interview: Last Week Tonight With John Oliver (HBO),2014-04-28T03:14:24Z,k8lJ85pfb_E,PT9M26S,3662000,1774,23187,590
LastWeekTonight,Brexit II: Last Week Tonight with John Oliver (HBO),2017-06-12T06:30:00Z,fyVz5vgqBhE,PT19M11S,9724947,8507,139997,5361
LastWeekTonight,Legal Immigration: Last Week Tonight with John Oliver (HBO),2019-09-16T06:30:01Z,tXqnRMU1fTs,PT19M42S,6809227,17132,143512,5919
LastWeekTonight,Felony Disenfranchisement: Last Week Tonight with John Oliver (HBO),2018-09-10T06:30:02Z,NpPyLcQ2vdI,PT13M22S,4934375,9678,81814,3852
LastWeekTonight,Death Investigations: Last Week Tonight with John Oliver (HBO),2019-05-20T06:30:02Z,hnoMsftQPY8,PT22M21S,6434656,7055,101506,2661
LastWeekTonight,Multilevel Marketing: Last Week Tonight with John Oliver (HBO),2016-11-07T12:00:03Z,s6MwGeOm8iI,PT31M58S,23994223,24107,262251,11665
LastWeekTonight,Automation: Last Week Tonight with John Oliver (HBO),2019-03-04T07:30:01Z,_h1ooyyFkF0,PT19M48S,8036944,14092,133414,5194
LastWeekTonight,The IRS: Last Week Tonight with John Oliver (HBO),2015-04-13T06:30:01Z,Nn_Zln_4pA8,PT18M27S,8575569,5189,67958,2205
LastWeekTonight,Ivanka &amp; Jared: Last Week Tonight with John Oliver (HBO),2017-04-24T06:30:01Z,wD8AwgO0AQI,PT22M28S,20224747,11387,176526,12483
LastWeekTonight,Compounding Pharmacies: Last Week Tonight with John Oliver (HBO),2019-09-30T06:30:00Z,Nuzi7LlSDVo,PT19M15S,5180398,7381,103419,2670
LastWeekTonight,Mueller Report: Last Week Tonight with John Oliver (HBO),2019-04-22T06:30:00Z,YMBj_tU7HRU,PT15M10S,7765290,10459,117638,9269
LastWeekTonight,Brexit III: Last Week Tonight with John Oliver (HBO),2019-02-18T07:30:00Z,HaBQfSAVt0s,PT21M27S,13765620,19679,161811,7910
LastWeekTonight,&quot;Oregon Spirit&quot; by Lisa Loeb: Last Week Tonight With John Oliver (HBO),2014-04-28T03:30:01Z,Dh9munYYoqQ,PT2M34S,983482,554,5254,198
LastWeekTonight,Nerd Prom: Last Week Tonight with John Oliver (HBO),2014-05-05T04:01:08Z,nJ24vcyJxDs,PT1M13S,2841148,152,8992,133
LastWeekTonight,Fareed Zakaria Interview Pt. 1: Last Week Tonight with John Oliver (HBO),2014-05-19T06:30:01Z,EZdH94R6XwQ,PT4M17S,698641,191,4769,124
LastWeekTonight,Medical Devices: Last Week Tonight with John Oliver (HBO),2019-06-03T06:30:00Z,-tIdzNlExrw,PT19M6S,5995733,5836,100974,3644
LastWeekTonight,Conspiracies (Web Exclusive): Last Week Tonight with John Oliver (HBO),2016-03-28T03:00:00Z,fNS4lecOaAc,PT4M32S,9070375,8788,120773,8630
LastWeekTonight,NRA TV: Last Week Tonight with John Oliver (HBO),2018-03-05T07:30:01Z,LEcbagW4O-s,PT20M1S,11176343,23758,175479,14085
LastWeekTonight,Immigration Courts: Last Week Tonight with John Oliver (HBO),2018-04-02T06:30:00Z,9fB0GBwJ2QA,PT17M52S,5610647,11201,103433,4037
LastWeekTonight,North Korea: Last Week Tonight with John Oliver (HBO),2017-08-14T06:30:01Z,TrS0uNBuG9c,PT27M,16650830,14939,194728,10671
LastWeekTonight,Doomsday Video: Last Week Tonight with John Oliver (HBO),2015-04-20T06:30:01Z,UC_gXD5OE88,PT6M30S,5311216,4321,71230,1278
LastWeekTonight,Independence Day (Web Exclusive): Last Week Tonight with John Oliver (HBO),2016-07-04T03:00:00Z,IQwMCQFgQgo,PT2M39S,4554600,3946,49218,3751
LastWeekTonight,Italian Election: Last Week Tonight with John Oliver (HBO),2018-02-26T07:30:00Z,LdhQzXHYLZ4,PT21M12S,9512231,19039,158184,11343
LastWeekTonight,Chiitan: Last Week Tonight with John Oliver (HBO),2019-04-28T16:00:02Z,f4fVdf4pNEc,PT12M51S,6820130,8336,151625,11127
LastWeekTonight,Vaccines: Last Week Tonight with John Oliver (HBO),2017-06-26T06:30:01Z,7VG_s2PCH_c,PT27M15S,18572483,43530,222807,13034
LastWeekTonight,Eurovision and Crimea Coin: Last Week Tonight with John Oliver (HBO),2014-05-12T03:30:01Z,We1IvUe6KLo,PT6M56S,6799458,3084,45758,3725
LastWeekTonight,Equal Rights Amendment: Last Week Tonight with John Oliver (HBO),2019-06-10T06:30:00Z,bCBYJZ6QbUI,PT15M40S,5472740,12030,105462,7405
LastWeekTonight,Obamacare: Last Week Tonight with John Oliver (HBO),2017-02-27T07:30:01Z,YEGpriv2TAc,PT18M53S,10222070,14856,137963,9151
LastWeekTonight,American Health Care Act: Last Week Tonight with John Oliver (HBO),2017-03-13T06:30:00Z,Ifi9M7DRazI,PT18M31S,9400075,11408,122564,6501
LastWeekTonight,Authoritarianism: Last Week Tonight with John Oliver (HBO),2018-11-19T07:30:02Z,ximgPmJ9A5s,PT18M29S,8846835,19514,134992,9083
LastWeekTonight,Paris Agreement: Last Week Tonight with John Oliver (HBO),2017-06-05T06:30:00Z,5scez5dqtAc,PT20M58S,12623000,14198,172913,12465
LastWeekTonight,Confederacy: Last Week Tonight with John Oliver (HBO),2017-10-09T06:30:01Z,J5b_-TZwQ0I,PT21M39S,22395894,58655,301171,25583
LastWeekTonight,Abortion Laws: Last Week Tonight with John Oliver (HBO),2016-02-22T07:30:00Z,DRauXXz6t0Y,PT16M1S,10423339,34979,145951,10458
LastWeekTonight,Trump vs. The World: Last Week Tonight with John Oliver (HBO),2018-02-19T07:30:01Z,QCjk_NPsIqU,PT19M15S,15671894,28736,236748,17815
LastWeekTonight,Mexican Elections: Last Week Tonight with John Oliver (HBO),2018-06-25T06:30:00Z,8-hahRWhFvg,PT20M9S,7859609,12319,98723,7661
LastWeekTonight,Public Shaming: Last Week Tonight with John Oliver (HBO),2019-03-18T06:30:01Z,Yq7Eh6JTKIg,PT26M45S,13327687,28055,230666,15032
LastWeekTonight,Police: Last Week Tonight with John Oliver (HBO),2020-06-08T06:30:03Z,Wf4cea5oObY,PT33M33S,14022382,56581,515950,30716
LastWeekTonight,Journalism: Last Week Tonight with John Oliver (HBO),2016-08-08T06:30:01Z,bq2_wSsDwkQ,PT19M23S,13021697,9684,130514,4323
LastWeekTonight,Iran Deal: Last Week Tonight with John Oliver (HBO),2018-04-23T06:30:02Z,5xnZ_CeTqyM,PT21M22S,9029200,10927,107080,6574
LastWeekTonight,How Is This Not A Thing? (Web Exclusive): Last Week Tonight with John Oliver (HBO),2016-05-30T03:00:01Z,NcA_j23HuDU,PT3M6S,5480204,2907,57919,5642
LastWeekTonight,NRA: Last Week Tonight with John Oliver (HBO),2017-10-04T18:33:29Z,_ECYMvjU52E,PT12M38S,8799911,17378,109921,11253
LastWeekTonight,Donald Trump: Last Week Tonight with John Oliver (HBO),2016-02-29T07:30:30Z,DnpO_RTSNmQ,PT21M54S,37681795,57876,508066,30242
LastWeekTonight,Republican National Convention: Last Week Tonight with John Oliver (HBO),2016-07-25T06:30:00Z,zNdkrtfZP8I,PT11M32S,9577116,13379,98831,10221
LastWeekTonight,Green New Deal: Last Week Tonight with John Oliver (HBO),2019-05-13T06:30:00Z,JDcro7dPqpA,PT19M28S,8099234,19427,170073,11677
LastWeekTonight,Trump vs. Truth: Last Week Tonight with John Oliver (HBO),2017-02-13T07:30:01Z,xecEV4dSAXE,PT23M50S,31388690,33492,369019,28827
LastWeekTonight,School Segregation: Last Week Tonight with John Oliver (HBO),2016-10-31T06:30:30Z,o8yiYCHMAlM,PT17M59S,10994745,20639,121349,12686
LastWeekTonight,Whitewashing: Last Week Tonight with John Oliver (HBO),2016-02-23T21:25:52Z,XebG4TO_xss,PT4M37S,6007846,17802,129875,15741
LastWeekTonight,Xi Jinping: Last Week Tonight with John Oliver (HBO),2018-06-18T06:30:00Z,OubM8bD9kck,PT20M26S,11790429,18962,147419,10107
LastWeekTonight,Sinclair Broadcast Group: Last Week Tonight with John Oliver (HBO),2017-07-03T06:30:00Z,GvtNyOzGogc,PT19M,10933233,9620,127388,7742
LastWeekTonight,Crisis Pregnancy Centers: Last Week Tonight with John Oliver (HBO),2018-04-09T06:30:00Z,4NNpkv3Us1I,PT21M9S,5101504,20076,104981,8829
LastWeekTonight,Voting: Last Week Tonight with John Oliver (HBO),2016-02-15T07:30:00Z,rHFOwlMCdto,PT14M9S,9854296,16701,110748,9834
LastWeekTonight,French Elections: Last Week Tonight with John Oliver (HBO),2017-04-17T06:30:00Z,hkZir1L7fSY,PT18M9S,12820003,23139,200755,20753
LastWeekTonight,Season 5 Official Trailer: Last Week Tonight with John Oliver (HBO),2018-01-22T17:05:24Z,wrpeEitIEpA,PT1M10S,2725121,4124,70039,3498
LastWeekTonight,Dressing Up As Other Races (How Is This Still a Thing?): Last Week Tonight with John Oliver (HBO),2014-05-12T03:30:00Z,LxQq8HTtb4A,PT2M52S,3446052,3385,20711,2621
LastWeekTonight,Brexit Update: Last Week Tonight With John Oliver (HBO),2016-06-28T00:43:56Z,nh0ac5HUpDU,PT4M51S,6932934,8782,76857,9094
LastWeekTonight,LGBT Discrimination: Last Week Tonight with John Oliver (HBO),2015-08-24T06:30:01Z,5d667Bb_iYA,PT14M46S,11606108,21404,129028,10275
LastWeekTonight,Workplace Sexual Harassment: Last Week Tonight with John Oliver (HBO),2018-07-30T06:30:00Z,dHiAls8loz4,PT28M44S,8637300,19208,140268,10746
LastWeekTonight,Impeachment: Last Week Tonight with John Oliver (HBO),2019-06-17T06:30:00Z,zxT8CM8XntA,PT20M21S,8432163,16298,131800,12654
LastWeekTonight,Border Patrol: Last Week Tonight with John Oliver (HBO),2017-08-07T06:30:01Z,NnW5EjwtE2U,PT20M21S,10804187,7920,106209,10430
LastWeekTonight,Transgender Rights: Last Week Tonight with John Oliver (HBO),2015-06-29T06:30:01Z,hmoAX9f6MOc,PT16M47S,10626578,24656,139012,15768
LastWeekTonight,Scandals: Last Week Tonight with John Oliver (HBO),2016-09-26T06:30:01Z,h1Lfd1aB9YI,PT21M16S,16977386,24405,165173,18296
LastWeekTonight,Johnny Strong: Last Week Tonight with John Oliver (Web Exclusive),2016-08-29T03:00:01Z,XzCgVltuzEk,PT4M13S,3632311,2488,46760,4906
LastWeekTonight,The Trump Presidency: Last Week Tonight with John Oliver (HBO),2017-11-13T07:30:00Z,1ZAPwfrtAFY,PT23M51S,17805013,23132,229156,17344
LastWeekTonight,World Cup Excitement: Last Week Tonight with John Oliver (HBO),2014-06-09T01:41:28Z,NUkjfd95bDM,PT1M20S,473401,96,3512,61
LastWeekTonight,Saudi Arabia: Last Week Tonight with John Oliver (HBO),2018-10-15T06:30:00Z,ViDPIyiszoo,PT18M11S,9409715,14363,123387,13930
LastWeekTonight,Putin: Last Week Tonight with John Oliver (HBO),2017-02-20T07:30:01Z,0utzB6oDan0,PT20M6S,17051596,20752,195791,23872
LastWeekTonight,Refugee Crisis: Last Week Tonight with John Oliver (HBO),2016-09-20T21:31:29Z,_kZsOISarzg,PT10M32S,5738766,7858,90977,8035
LastWeekTonight,Mercadeo Multinivel: Last Week Tonight With John Oliver (HBO),2016-11-07T12:00:01Z,Cy-O4myeUzg,PT32M29S,2796901,2466,37435,1107
LastWeekTonight,Bias In Medicine: Last Week Tonight with John Oliver (HBO),2019-08-19T06:30:00Z,TATSAHJKRd8,PT22M38S,7446239,19031,133832,14967
LastWeekTonight,Ayn Rand - How Is This Still A Thing?: Last Week Tonight with John Oliver (HBO),2014-10-09T15:30:58Z,_8m8cQI4DgM,PT3M41S,6285643,13380,64467,11991
LastWeekTonight,Brexit Update - UK Version: Last Week Tonight with John Oliver (HBO),2018-12-17T21:20:44Z,MdHmp5EX5bE,PT6M42S,4344077,3579,70479,6709
LastWeekTonight,Brexit: Last Week Tonight with John Oliver (HBO),2016-06-20T06:30:00Z,iAgKHSNqxa8,PT15M39S,16925971,34638,174449,30896
LastWeekTonight,Alex Jones: Last Week Tonight with John Oliver (HBO),2017-07-31T06:30:01Z,WyGq6cjcc3Q,PT22M22S,17142598,31921,226802,38581
LastWeekTonight,Democratic National Convention: Last Week Tonight with John Oliver (HBO),2016-08-01T06:30:01Z,BUCnjlTfXDw,PT18M10S,10168089,18821,90527,14583
LastWeekTonight,Modi: Last Week Tonight with John Oliver (HBO),2020-02-24T07:30:01Z,qVIXUhZ2AWs,PT18M48S,10351457,74360,338928,62385
LastWeekTonight,Jeff Goldblum Outtakes: Last Week Tonight with John Oliver (HBO),2014-10-06T06:30:02Z,ResvfWhi3k8,PT56S,980976,176,6101,155
LastWeekTonight,Venezuela: Last Week Tonight with John Oliver (HBO),2018-05-14T06:30:01Z,IYfgvS0FA7U,PT19M33S,8508997,20412,108606,15236
LastWeekTonight,Brett Kavanaugh: Last Week Tonight with John Oliver (HBO),2018-10-01T06:30:01Z,opi8X9hQ7q8,PT29M12S,12175478,36642,183920,31509
LastWeekTonight,"Real Animals, Fake Paws Footage: Last Week Tonight with John Oliver (HBO)",2014-10-20T03:26:09Z,tug71xZL7yc,PT10M40S,1938798,964,15900,811
LastWeekTonight,Migrants and Refugees: Last Week Tonight with John Oliver (HBO),2015-09-28T12:20:32Z,umqvYhb3wf4,PT17M56S,11265587,26600,123983,32316
LastWeekTonight,Last Week Tonight with John Oliver: President Obama Meets a Robot Web Exclusive (HBO),2014-04-28T01:36:54Z,WHCQndalv94,PT38S,1217689,107,5896,72
LastWeekTonight,Uganda and Pepe Julian Onziema Pt. 1: Last Week Tonight with John Oliver (HBO),2014-06-30T06:30:01Z,G2W41pvvZs0,PT17M34S,8106378,7830,63746,7478
LastWeekTonight,Narendra Modi In New York: Last Week Tonight with John Oliver (HBO),2014-09-29T06:30:00Z,hkYzuHMcP64,PT2M18S,4198541,4263,30409,9770
LastWeekTonight,GOP - Hashtag Awesomesauce: Last Week Tonight with John Oliver (HBO),2014-03-21T01:24:00Z,gdQCtWlhx90,PT37S,743871,138,4135,197
LastWeekTonight,President-Elect Trump: Last Week Tonight with John Oliver (HBO),2016-11-14T04:30:01Z,-rSDUsMwakI,PT29M1S,17967381,42935,223627,52031
LastWeekTonight,Third Parties: Last Week Tonight with John Oliver (HBO),2016-10-17T06:30:00Z,k3O01EfM5fU,PT18M39S,12405172,24696,120101,23636
LastWeekTonight,Online Harassment: Last Week Tonight with John Oliver (HBO),2015-06-22T06:30:00Z,PuNIwYsz7PI,PT16M50S,11997111,32709,130204,40579
LastWeekTonight,Critics Quote: Last Week Tonight with John Oliver (HBO),2014-05-06T14:24:39Z,6GLuuqrNqxQ,PT36S,305628,25,2480,26
LastWeekTonight,Wage Gap: Last Week Tonight with John Oliver (HBO),2014-08-25T19:06:03Z,PsB1e-1BB4Y,PT7M18S,4432845,11691,44684,17739
LastWeekTonight,Season 2: Digital Promo: Last Week Tonight with John Oliver (HBO),2015-02-04T21:22:50Z,2bbskco60g4,PT35S,377740,250,5423,82
LastWeekTonight,Activists and Corporations: Last Week Tonight with John Oliver (HBO),2014-06-02T01:23:12Z,fDTX_mwj0_8,PT43S,487420,62,3270,36
LastWeekTonight,The Buzz: Last Week Tonight with John Oliver: Red Carpet Event (HBO),2014-04-28T18:30:16Z,yCY6vYGEN3Q,PT46S,189829,23,1145,29
LastWeekTonight,Brazilian Elections: Last Week Tonight with John Oliver (HBO),2018-10-08T06:30:00Z,FsZ3p9gOkpY,PT16M14S,5389825,52743,122674,133714
LastWeekTonight,Episode Preview: Last Week Tonight with John Oliver (HBO),2014-04-28T18:25:58Z,9vxT1uAhFxA,PT21S,158578,22,1223,21
LastWeekTonight,Finale Preview: Last Week Tonight with John Oliver (HBO),2014-11-03T17:31:03Z,x3Md3O_XfoI,PT56S,660596,422,5170,83
LastWeekTonight,Dancing Zebra Footage: Last Week Tonight with John Oliver (HBO),2017-03-20T03:20:32Z,-Z668Qc0P4Q,PT23M33S,2648952,3805,28591,8057
LastWeekTonight,Sports Illustrated Swimsuit Issue - How Is This Still a Thing?: Last Week Tonight with John Oliver,2015-02-16T07:30:00Z,l8QNDRbjong,PT3M9S,4499727,2346,37780,1927
LastWeekTonight,Sex Education: Last Week Tonight with John Oliver (HBO),2015-08-10T06:30:00Z,L0jQz6jqQS0,PT21M5S,20787846,22921,256540,7873
